<?xml version="1.0" encoding="UTF-8"?>
<PcGts xmlns="http://schema.primaresearch.org/PAGE/gts/pagecontent/2013-07-15" xmlns:xsi="http://www.w3.org/2001/XMLSchema-instance" xsi:schemaLocation="http://schema.primaresearch.org/PAGE/gts/pagecontent/2013-07-15 http://schema.primaresearch.org/PAGE/gts/pagecontent/2013-07-15/pagecontent.xsd">
	<Metadata>
	<Creator></Creator>
	<Created>2018-10-08T22:35:52</Created>
	<LastChange>2018-10-08T22:35:52</LastChange></Metadata>
	<Page imageFilename="116_Page_1.jpg" imageWidth="1099" imageHeight="1685">
	<TextRegion id="r1">
	<Coords points="190,138 190,193 232,193 232,138"/></TextRegion>
	<TextRegion id="r2">
	<Coords points="177,203 177,1590 1012,1590 1012,203"/></TextRegion></Page></PcGts>
