<?xml version="1.0" encoding="UTF-8"?>
<PcGts xmlns="http://schema.primaresearch.org/PAGE/gts/pagecontent/2013-07-15" xmlns:xsi="http://www.w3.org/2001/XMLSchema-instance" xsi:schemaLocation="http://schema.primaresearch.org/PAGE/gts/pagecontent/2013-07-15 http://schema.primaresearch.org/PAGE/gts/pagecontent/2013-07-15/pagecontent.xsd">
	<Metadata>
	<Creator></Creator>
	<Created>2018-10-08T22:21:07</Created>
	<LastChange>2018-10-08T22:21:07</LastChange></Metadata>
	<Page imageFilename="117_Page_14.jpg" imageWidth="1091" imageHeight="1546">
	<TextRegion id="r1">
	<Coords points="61,142 61,542 873,542 873,142"/></TextRegion>
	<TextRegion id="r2">
	<Coords points="447,595 447,654 500,654 500,595"/></TextRegion>
	<TextRegion id="r3">
	<Coords points="373,669 373,735 571,735 571,669"/></TextRegion>
	<TextRegion id="r4">
	<Coords points="71,771 71,1330 873,1330 873,771"/></TextRegion>
	<TextRegion id="r5">
	<Coords points="795,1371 795,1419 861,1419 861,1371"/></TextRegion></Page></PcGts>
