<?xml version="1.0" encoding="UTF-8"?>
<PcGts xmlns="http://schema.primaresearch.org/PAGE/gts/pagecontent/2013-07-15" xmlns:xsi="http://www.w3.org/2001/XMLSchema-instance" xsi:schemaLocation="http://schema.primaresearch.org/PAGE/gts/pagecontent/2013-07-15 http://schema.primaresearch.org/PAGE/gts/pagecontent/2013-07-15/pagecontent.xsd">
	<Metadata>
	<Creator></Creator>
	<Created>2018-10-08T22:12:26</Created>
	<LastChange>2018-10-08T22:12:26</LastChange></Metadata>
	<Page imageFilename="117_Page_07.jpg" imageWidth="1115" imageHeight="1570">
	<TextRegion id="r1">
	<Coords points="564,278 564,350 757,350 757,278"/></TextRegion>
	<TextRegion id="r2">
	<Coords points="509,388 509,478 828,478 828,388"/></TextRegion>
	<TextRegion id="r3">
	<Coords points="266,502 266,1350 1057,1350 1057,502"/></TextRegion>
	<TextRegion id="r4">
	<Coords points="261,1390 261,1445 323,1445 323,1390"/></TextRegion></Page></PcGts>
