<?xml version="1.0" encoding="UTF-8"?>
<PcGts xmlns="http://schema.primaresearch.org/PAGE/gts/pagecontent/2013-07-15" xmlns:xsi="http://www.w3.org/2001/XMLSchema-instance" xsi:schemaLocation="http://schema.primaresearch.org/PAGE/gts/pagecontent/2013-07-15 http://schema.primaresearch.org/PAGE/gts/pagecontent/2013-07-15/pagecontent.xsd">
	<Metadata>
	<Creator></Creator>
	<Created>2018-10-08T22:20:03</Created>
	<LastChange>2018-10-08T22:20:03</LastChange></Metadata>
	<Page imageFilename="117_Page_13.jpg" imageWidth="1100" imageHeight="1544">
	<TextRegion id="r1">
	<Coords points="28,145 28,900 845,900 845,145"/></TextRegion>
	<TextRegion id="r2">
	<Coords points="333,961 333,1007 542,1007 542,961"/></TextRegion>
	<TextRegion id="r3">
	<Coords points="50,1045 50,1316 847,1316 847,1045"/></TextRegion>
	<TextRegion id="r4">
	<Coords points="778,1347 778,1395 838,1395 838,1347"/></TextRegion></Page></PcGts>
