<?xml version="1.0" encoding="UTF-8"?>
<PcGts xmlns="http://schema.primaresearch.org/PAGE/gts/pagecontent/2013-07-15" xmlns:xsi="http://www.w3.org/2001/XMLSchema-instance" xsi:schemaLocation="http://schema.primaresearch.org/PAGE/gts/pagecontent/2013-07-15 http://schema.primaresearch.org/PAGE/gts/pagecontent/2013-07-15/pagecontent.xsd">
	<Metadata>
	<Creator></Creator>
	<Created>2018-10-08T21:53:52</Created>
	<LastChange>2018-10-08T21:53:52</LastChange></Metadata>
	<Page imageFilename="118_Page_04.jpg" imageWidth="1085" imageHeight="1569">
	<TextRegion id="r1">
	<Coords points="238,1351 238,1400 293,1400 293,1351"/></TextRegion>
	<TextRegion id="r2">
	<Coords points="751,1209 751,1325 938,1325 938,1209"/></TextRegion>
	<TextRegion id="r3">
	<Coords points="209,132 209,1154 980,1154 980,132"/></TextRegion></Page></PcGts>
