<?xml version="1.0" encoding="UTF-8"?>
<PcGts xmlns="http://schema.primaresearch.org/PAGE/gts/pagecontent/2013-07-15" xmlns:xsi="http://www.w3.org/2001/XMLSchema-instance" xsi:schemaLocation="http://schema.primaresearch.org/PAGE/gts/pagecontent/2013-07-15 http://schema.primaresearch.org/PAGE/gts/pagecontent/2013-07-15/pagecontent.xsd">
	<Metadata>
	<Creator></Creator>
	<Created>2018-10-08T22:01:30</Created>
	<LastChange>2018-10-08T22:01:30</LastChange></Metadata>
	<Page imageFilename="118_Page_13.jpg" imageWidth="1094" imageHeight="1582">
	<TextRegion id="r1">
	<Coords points="251,138 251,335 1029,335 1029,138"/></TextRegion>
	<TextRegion id="r2">
	<Coords points="761,351 761,438 967,438 967,351"/></TextRegion>
	<TextRegion id="r3">
	<Coords points="248,438 248,690 1019,690 1019,438"/></TextRegion>
	<TextRegion id="r4">
	<Coords points="800,706 800,793 967,793 967,706"/></TextRegion>
	<TextRegion id="r5">
	<Coords points="229,806 229,1319 1019,1319 1019,806"/></TextRegion>
	<TextRegion id="r6">
	<Coords points="274,1341 274,1390 329,1390 329,1341"/></TextRegion></Page></PcGts>
