<?xml version="1.0" encoding="UTF-8"?>
<PcGts xmlns="http://schema.primaresearch.org/PAGE/gts/pagecontent/2013-07-15" xmlns:xsi="http://www.w3.org/2001/XMLSchema-instance" xsi:schemaLocation="http://schema.primaresearch.org/PAGE/gts/pagecontent/2013-07-15 http://schema.primaresearch.org/PAGE/gts/pagecontent/2013-07-15/pagecontent.xsd">
	<Metadata>
	<Creator></Creator>
	<Created>2018-10-08T21:58:33</Created>
	<LastChange>2018-10-08T21:58:33</LastChange></Metadata>
	<Page imageFilename="118_Page_10.jpg" imageWidth="1078" imageHeight="1555">
	<TextRegion id="r1">
	<Coords points="71,130 71,1195 850,1195 850,130"/></TextRegion>
	<TextRegion id="r2">
	<Coords points="614,1254 614,1304 804,1304 804,1254"/></TextRegion>
	<TextRegion id="r3">
	<Coords points="750,1333 750,1378 809,1378 809,1333"/></TextRegion></Page></PcGts>
