<?xml version="1.0" encoding="UTF-8"?>
<PcGts xmlns="http://schema.primaresearch.org/PAGE/gts/pagecontent/2013-07-15" xmlns:xsi="http://www.w3.org/2001/XMLSchema-instance" xsi:schemaLocation="http://schema.primaresearch.org/PAGE/gts/pagecontent/2013-07-15 http://schema.primaresearch.org/PAGE/gts/pagecontent/2013-07-15/pagecontent.xsd">
	<Metadata>
	<Creator></Creator>
	<Created>2018-10-08T21:56:06</Created>
	<LastChange>2018-10-08T21:56:06</LastChange></Metadata>
	<Page imageFilename="118_Page_07.jpg" imageWidth="1078" imageHeight="1559">
	<TextRegion id="r1">
	<Coords points="69,123 69,1202 854,1202 854,123"/></TextRegion>
	<TextRegion id="r2">
	<Coords points="516,1245 516,1297 816,1297 816,1245"/></TextRegion>
	<TextRegion id="r3">
	<Coords points="747,1323 747,1376 819,1376 819,1323"/></TextRegion></Page></PcGts>
