<?xml version="1.0" encoding="UTF-8"?>
<PcGts xmlns="http://schema.primaresearch.org/PAGE/gts/pagecontent/2013-07-15" xmlns:xsi="http://www.w3.org/2001/XMLSchema-instance" xsi:schemaLocation="http://schema.primaresearch.org/PAGE/gts/pagecontent/2013-07-15 http://schema.primaresearch.org/PAGE/gts/pagecontent/2013-07-15/pagecontent.xsd">
	<Metadata>
	<Creator></Creator>
	<Created>2018-10-08T21:57:48</Created>
	<LastChange>2018-10-08T21:57:48</LastChange></Metadata>
	<Page imageFilename="118_Page_09.jpg" imageWidth="1069" imageHeight="1561">
	<TextRegion id="r1">
	<Coords points="403,303 403,438 851,438 851,303"/></TextRegion>
	<TextRegion id="r2">
	<Coords points="229,483 229,1312 1016,1312 1016,483"/></TextRegion>
	<TextRegion id="r3">
	<Coords points="248,1338 248,1403 316,1403 316,1338"/></TextRegion></Page></PcGts>
