<?xml version="1.0" encoding="UTF-8"?>
<PcGts xmlns="http://schema.primaresearch.org/PAGE/gts/pagecontent/2013-07-15" xmlns:xsi="http://www.w3.org/2001/XMLSchema-instance" xsi:schemaLocation="http://schema.primaresearch.org/PAGE/gts/pagecontent/2013-07-15 http://schema.primaresearch.org/PAGE/gts/pagecontent/2013-07-15/pagecontent.xsd">
	<Metadata>
	<Creator></Creator>
	<Created>2018-10-08T21:57:09</Created>
	<LastChange>2018-10-08T21:57:09</LastChange></Metadata>
	<Page imageFilename="118_Page_08.jpg" imageWidth="1056" imageHeight="1556">
	<TextRegion id="r1">
	<Coords points="216,119 216,506 1006,506 1006,119"/></TextRegion>
	<TextRegion id="r2">
	<Coords points="683,519 683,603 958,603 958,519"/></TextRegion>
	<TextRegion id="r3">
	<Coords points="225,609 225,929 1006,929 1006,609"/></TextRegion>
	<TextRegion id="r4">
	<Coords points="751,941 751,1025 948,1025 948,941"/></TextRegion>
	<TextRegion id="r5">
	<Coords points="222,1035 222,1293 1000,1293 1000,1035"/></TextRegion>
	<TextRegion id="r6">
	<Coords points="261,1319 261,1370 312,1370 312,1319"/></TextRegion></Page></PcGts>
