<?xml version="1.0" encoding="UTF-8"?>
<PcGts xmlns="http://schema.primaresearch.org/PAGE/gts/pagecontent/2013-07-15" xmlns:xsi="http://www.w3.org/2001/XMLSchema-instance" xsi:schemaLocation="http://schema.primaresearch.org/PAGE/gts/pagecontent/2013-07-15 http://schema.primaresearch.org/PAGE/gts/pagecontent/2013-07-15/pagecontent.xsd">
	<Metadata>
	<Creator></Creator>
	<Created>2018-10-08T22:03:09</Created>
	<LastChange>2018-10-08T22:03:09</LastChange></Metadata>
	<Page imageFilename="118_Page_15.jpg" imageWidth="1119" imageHeight="1581">
	<TextRegion id="r1" type="paragraph">
	<Coords points="288,307 288,416 716,416 716,307"/></TextRegion>
	<TextRegion id="r2" type="paragraph">
	<Coords points="107,438 107,1235 890,1235 890,438"/></TextRegion>
	<TextRegion id="r3" type="paragraph">
	<Coords points="654,1292 654,1333 845,1333 845,1292"/></TextRegion>
	<TextRegion id="r4">
	<Coords points="771,1359 771,1414 840,1414 840,1359"/></TextRegion></Page></PcGts>
