<?xml version="1.0" encoding="UTF-8"?>
<PcGts xmlns="http://schema.primaresearch.org/PAGE/gts/pagecontent/2013-07-15" xmlns:xsi="http://www.w3.org/2001/XMLSchema-instance" xsi:schemaLocation="http://schema.primaresearch.org/PAGE/gts/pagecontent/2013-07-15 http://schema.primaresearch.org/PAGE/gts/pagecontent/2013-07-15/pagecontent.xsd">
	<Metadata>
	<Creator></Creator>
	<Created>2018-10-08T23:44:21</Created>
	<LastChange>2018-10-08T23:44:21</LastChange></Metadata>
	<Page imageFilename="119_Page_06.jpg" imageWidth="1055" imageHeight="1616">
	<TextRegion id="r1">
	<Coords points="447,213 447,269 695,269 695,213"/></TextRegion>
	<ImageRegion id="r2">
	<Coords points="195,334 195,704 917,704 917,334"/></ImageRegion>
	<TextRegion id="r3">
	<Coords points="156,752 156,1430 1000,1430 1000,752"/></TextRegion>
	<TextRegion id="r4">
	<Coords points="226,1452 226,1513 282,1513 282,1452"/></TextRegion></Page></PcGts>
