<?xml version="1.0" encoding="UTF-8"?>
<PcGts xmlns="http://schema.primaresearch.org/PAGE/gts/pagecontent/2013-07-15" xmlns:xsi="http://www.w3.org/2001/XMLSchema-instance" xsi:schemaLocation="http://schema.primaresearch.org/PAGE/gts/pagecontent/2013-07-15 http://schema.primaresearch.org/PAGE/gts/pagecontent/2013-07-15/pagecontent.xsd">
	<Metadata>
	<Creator></Creator>
	<Created>2018-10-08T23:44:59</Created>
	<LastChange>2018-10-08T23:44:59</LastChange></Metadata>
	<Page imageFilename="119_Page_05.jpg" imageWidth="1028" imageHeight="1587">
	<TextRegion id="r1">
	<Coords points="73,78 73,1391 891,1391 891,78"/></TextRegion>
	<TextRegion id="r2">
	<Coords points="760,1404 760,1456 813,1456 813,1404"/></TextRegion></Page></PcGts>
