<?xml version="1.0" encoding="UTF-8"?>
<PcGts xmlns="http://schema.primaresearch.org/PAGE/gts/pagecontent/2013-07-15" xmlns:xsi="http://www.w3.org/2001/XMLSchema-instance" xsi:schemaLocation="http://schema.primaresearch.org/PAGE/gts/pagecontent/2013-07-15 http://schema.primaresearch.org/PAGE/gts/pagecontent/2013-07-15/pagecontent.xsd">
	<Metadata>
	<Creator></Creator>
	<Created>2018-10-08T22:04:07</Created>
	<LastChange>2018-10-08T22:04:07</LastChange></Metadata>
	<Page imageFilename="118_Page_16.jpg" imageWidth="1043" imageHeight="1565">
	<TextRegion id="r1">
	<Coords points="388,311 388,435 802,435 802,311"/></TextRegion>
	<TextRegion id="r2">
	<Coords points="202,459 202,1064 1000,1064 1000,459"/></TextRegion>
	<TextRegion id="r3">
	<Coords points="750,1076 750,1145 966,1145 966,1076"/></TextRegion>
	<TextRegion id="r4">
	<Coords points="214,1154 214,1338 1014,1338 1014,1154"/></TextRegion>
	<TextRegion id="r5">
	<Coords points="271,1383 271,1423 340,1423 340,1383"/></TextRegion></Page></PcGts>
