<?xml version="1.0" encoding="UTF-8"?>
<PcGts xmlns="http://schema.primaresearch.org/PAGE/gts/pagecontent/2013-07-15" xmlns:xsi="http://www.w3.org/2001/XMLSchema-instance" xsi:schemaLocation="http://schema.primaresearch.org/PAGE/gts/pagecontent/2013-07-15 http://schema.primaresearch.org/PAGE/gts/pagecontent/2013-07-15/pagecontent.xsd">
	<Metadata>
	<Creator></Creator>
	<Created>2018-10-08T22:37:43</Created>
	<LastChange>2018-10-08T22:37:43</LastChange></Metadata>
	<Page imageFilename="116_Page_4.jpg" imageWidth="1153" imageHeight="1734">
	<TextRegion id="r1">
	<Coords points="903,125 903,174 954,174 954,125"/></TextRegion>
	<TextRegion id="r2">
	<Coords points="96,177 96,1570 958,1570 958,177"/></TextRegion></Page></PcGts>
