<?xml version="1.0" encoding="UTF-8"?>
<PcGts xmlns="http://schema.primaresearch.org/PAGE/gts/pagecontent/2013-07-15" xmlns:xsi="http://www.w3.org/2001/XMLSchema-instance" xsi:schemaLocation="http://schema.primaresearch.org/PAGE/gts/pagecontent/2013-07-15 http://schema.primaresearch.org/PAGE/gts/pagecontent/2013-07-15/pagecontent.xsd">
	<Metadata>
	<Creator></Creator>
	<Created>2018-10-08T23:40:08</Created>
	<LastChange>2018-10-08T23:40:08</LastChange></Metadata>
	<Page imageFilename="119_Page_10.jpg" imageWidth="1012" imageHeight="1579">
	<TextRegion id="r1">
	<Coords points="83,128 83,685 916,685 916,128"/></TextRegion>
	<ImageRegion id="r2">
	<Coords points="142,835 142,1204 904,1204 904,835"/></ImageRegion>
	<TextRegion id="r3">
	<Coords points="785,1426 785,1483 840,1483 840,1426"/></TextRegion></Page></PcGts>
