<?xml version="1.0" encoding="UTF-8"?>
<PcGts xmlns="http://schema.primaresearch.org/PAGE/gts/pagecontent/2013-07-15" xmlns:xsi="http://www.w3.org/2001/XMLSchema-instance" xsi:schemaLocation="http://schema.primaresearch.org/PAGE/gts/pagecontent/2013-07-15 http://schema.primaresearch.org/PAGE/gts/pagecontent/2013-07-15/pagecontent.xsd">
	<Metadata>
	<Creator></Creator>
	<Created>2018-10-08T22:38:18</Created>
	<LastChange>2018-10-08T22:38:18</LastChange></Metadata>
	<Page imageFilename="116_Page_5.jpg" imageWidth="1112" imageHeight="1690">
	<TextRegion id="r1">
	<Coords points="174,112 174,167 241,167 241,112"/></TextRegion>
	<TextRegion id="r2">
	<Coords points="167,187 167,1561 1029,1561 1029,187"/></TextRegion></Page></PcGts>
