<?xml version="1.0" encoding="UTF-8"?>
<PcGts xmlns="http://schema.primaresearch.org/PAGE/gts/pagecontent/2013-07-15" xmlns:xsi="http://www.w3.org/2001/XMLSchema-instance" xsi:schemaLocation="http://schema.primaresearch.org/PAGE/gts/pagecontent/2013-07-15 http://schema.primaresearch.org/PAGE/gts/pagecontent/2013-07-15/pagecontent.xsd">
	<Metadata>
	<Creator></Creator>
	<Created>2018-10-08T23:11:55</Created>
	<LastChange>2018-10-08T23:11:55</LastChange></Metadata>
	<Page imageFilename="120_Page_7.jpg" imageWidth="844" imageHeight="1706">
	<TextRegion id="r1">
	<Coords points="58,67 58,219 619,219 619,67"/></TextRegion>
	<TextRegion id="r2">
	<Coords points="119,238 119,396 712,396 712,238"/></TextRegion>
	<TextRegion id="r3">
	<Coords points="90,403 90,722 616,722 616,403"/></TextRegion>
	<TextRegion id="r4">
	<Coords points="241,729 241,845 706,845 706,729"/></TextRegion>
	<TextRegion id="r5">
	<Coords points="74,851 74,1164 609,1164 609,851"/></TextRegion>
	<TextRegion id="r6">
	<Coords points="270,1170 270,1280 703,1280 703,1170"/></TextRegion>
	<TextRegion id="r7">
	<Coords points="90,1283 90,1561 616,1561 616,1283"/></TextRegion>
	<TextRegion id="r8">
	<Coords points="532,1570 532,1625 606,1625 606,1570"/></TextRegion></Page></PcGts>
