<?xml version="1.0" encoding="UTF-8"?>
<PcGts xmlns="http://schema.primaresearch.org/PAGE/gts/pagecontent/2013-07-15" xmlns:xsi="http://www.w3.org/2001/XMLSchema-instance" xsi:schemaLocation="http://schema.primaresearch.org/PAGE/gts/pagecontent/2013-07-15 http://schema.primaresearch.org/PAGE/gts/pagecontent/2013-07-15/pagecontent.xsd">
	<Metadata>
	<Creator></Creator>
	<Created>2018-10-08T23:30:29</Created>
	<LastChange>2018-10-08T23:30:29</LastChange></Metadata>
	<Page imageFilename="120_Page_5.jpg" imageWidth="860" imageHeight="1721">
	<TextRegion id="r1">
	<Coords points="723,657 723,761 223,761 223,657"/></TextRegion>
	<TextRegion id="r2">
	<Coords points="97,764 97,1040 652,1040 652,764"/></TextRegion>
	<TextRegion id="r3">
	<Coords points="723,1054 723,1164 223,1164 223,1054"/></TextRegion>
	<TextRegion id="r4">
	<Coords points="97,1166 97,1538 638,1538 638,1166"/></TextRegion>
	<TextRegion id="r5">
	<Coords points="623,1552 623,1614 728,1614 728,1552"/></TextRegion>
	<TextRegion id="r6">
	<Coords points="95,54 95,378 647,378 647,54"/></TextRegion>
	<TextRegion id="r7">
	<Coords points="150,373 150,476 735,476 735,373"/></TextRegion>
	<TextRegion id="r8">
	<Coords points="102,473 102,642 645,642 645,473"/></TextRegion></Page></PcGts>
