<?xml version="1.0" encoding="UTF-8"?>
<PcGts xmlns="http://schema.primaresearch.org/PAGE/gts/pagecontent/2013-07-15" xmlns:xsi="http://www.w3.org/2001/XMLSchema-instance" xsi:schemaLocation="http://schema.primaresearch.org/PAGE/gts/pagecontent/2013-07-15 http://schema.primaresearch.org/PAGE/gts/pagecontent/2013-07-15/pagecontent.xsd">
	<Metadata>
	<Creator></Creator>
	<Created>2018-10-08T23:38:47</Created>
	<LastChange>2018-10-08T23:38:47</LastChange></Metadata>
	<Page imageFilename="119_Page_11.jpg" imageWidth="1049" imageHeight="1595">
	<TextRegion id="r1">
	<Coords points="119,150 119,1100 950,1100 950,150"/></TextRegion>
	<TextRegion id="r2">
	<Coords points="121,1176 121,1423 938,1423 938,1176"/></TextRegion>
	<TextRegion id="r3">
	<Coords points="202,1450 202,1490 238,1490 238,1450"/></TextRegion></Page></PcGts>
