<?xml version="1.0" encoding="UTF-8"?>
<PcGts xmlns="http://schema.primaresearch.org/PAGE/gts/pagecontent/2013-07-15" xmlns:xsi="http://www.w3.org/2001/XMLSchema-instance" xsi:schemaLocation="http://schema.primaresearch.org/PAGE/gts/pagecontent/2013-07-15 http://schema.primaresearch.org/PAGE/gts/pagecontent/2013-07-15/pagecontent.xsd">
	<Metadata>
	<Creator></Creator>
	<Created>2018-10-08T23:10:30</Created>
	<LastChange>2018-10-08T23:10:30</LastChange></Metadata>
	<Page imageFilename="120_Page_8.jpg" imageWidth="830" imageHeight="1707">
	<TextRegion id="r1">
	<Coords points="130,60 130,347 713,347 713,60"/></TextRegion>
	<TextRegion id="r2">
	<Coords points="278,360 278,473 800,473 800,360"/></TextRegion>
	<TextRegion id="r3">
	<Coords points="173,473 173,752 713,752 713,473"/></TextRegion>
	<TextRegion id="r4">
	<Coords points="273,773 273,882 804,882 804,773"/></TextRegion>
	<TextRegion id="r5">
	<Coords points="165,878 165,1213 704,1213 704,878"/></TextRegion>
	<TextRegion id="r6">
	<Coords points="247,1226 247,1334 791,1334 791,1226"/></TextRegion>
	<TextRegion id="r7">
	<Coords points="160,1347 160,1556 708,1556 708,1347"/></TextRegion>
	<TextRegion id="r8">
	<Coords points="208,1573 208,1634 300,1634 300,1573"/></TextRegion></Page></PcGts>
