<?xml version="1.0" encoding="UTF-8"?>
<PcGts xmlns="http://schema.primaresearch.org/PAGE/gts/pagecontent/2013-07-15" xmlns:xsi="http://www.w3.org/2001/XMLSchema-instance" xsi:schemaLocation="http://schema.primaresearch.org/PAGE/gts/pagecontent/2013-07-15 http://schema.primaresearch.org/PAGE/gts/pagecontent/2013-07-15/pagecontent.xsd">
	<Metadata>
	<Creator></Creator>
	<Created>2018-10-08T23:31:55</Created>
	<LastChange>2018-10-08T23:31:55</LastChange></Metadata>
	<Page imageFilename="120_Page_4.jpg" imageWidth="867" imageHeight="1730">
	<TextRegion id="r1">
	<Coords points="128,95 128,340 673,340 673,95"/></TextRegion>
	<TextRegion id="r2">
	<Coords points="207,347 207,457 766,457 766,347"/></TextRegion>
	<TextRegion id="r3">
	<Coords points="128,454 128,854 671,854 671,454"/></TextRegion>
	<TextRegion id="r4">
	<Coords points="138,864 138,1021 754,1021 754,864"/></TextRegion>
	<TextRegion id="r5">
	<Coords points="135,1033 135,1585 661,1585 661,1033"/></TextRegion>
	<TextRegion id="r6">
	<Coords points="685,1597 685,1647 747,1647 747,1597"/></TextRegion></Page></PcGts>
