<?xml version="1.0" encoding="UTF-8"?>
<PcGts xmlns="http://schema.primaresearch.org/PAGE/gts/pagecontent/2013-07-15" xmlns:xsi="http://www.w3.org/2001/XMLSchema-instance" xsi:schemaLocation="http://schema.primaresearch.org/PAGE/gts/pagecontent/2013-07-15 http://schema.primaresearch.org/PAGE/gts/pagecontent/2013-07-15/pagecontent.xsd">
	<Metadata>
	<Creator></Creator>
	<Created>2018-10-08T23:28:09</Created>
	<LastChange>2018-10-08T23:28:09</LastChange></Metadata>
	<Page imageFilename="120_Page_6.jpg" imageWidth="858" imageHeight="1721">
	<TextRegion id="r2">
	<Coords points="803,58 803,167 216,167 216,58"/></TextRegion>
	<TextRegion id="r3">
	<Coords points="183,174 183,658 716,658 716,174"/></TextRegion>
	<TextRegion id="r4">
	<Coords points="803,670 803,774 358,774 358,670"/></TextRegion>
	<TextRegion id="r5">
	<Coords points="190,793 190,1058 712,1058 712,793"/></TextRegion>
	<TextRegion id="r6">
	<Coords points="803,1048 803,1177 322,1177 322,1048"/></TextRegion>
	<TextRegion id="r8">
	<Coords points="154,1174 154,1554 712,1554 712,1174"/></TextRegion>
	<TextRegion id="r9">
	<Coords points="219,1561 219,1625 303,1625 303,1561"/></TextRegion></Page></PcGts>
