<?xml version="1.0" encoding="UTF-8"?>
<PcGts xmlns="http://schema.primaresearch.org/PAGE/gts/pagecontent/2013-07-15" xmlns:xsi="http://www.w3.org/2001/XMLSchema-instance" xsi:schemaLocation="http://schema.primaresearch.org/PAGE/gts/pagecontent/2013-07-15 http://schema.primaresearch.org/PAGE/gts/pagecontent/2013-07-15/pagecontent.xsd">
	<Metadata>
	<Creator></Creator>
	<Created>2018-10-08T23:35:32</Created>
	<LastChange>2018-10-08T23:35:32</LastChange></Metadata>
	<Page imageFilename="120_Page_2.jpg" imageWidth="858" imageHeight="1711">
	<TextRegion id="r1">
	<Coords points="229,258 229,438 603,438 603,258"/></TextRegion>
	<TextRegion id="r2">
	<Coords points="196,493 196,580 635,580 635,493"/></TextRegion>
	<TextRegion id="r3">
	<Coords points="106,619 106,1522 729,1522 729,619"/></TextRegion>
	<TextRegion id="r4">
	<Coords points="138,1525 138,1574 203,1574 203,1525"/></TextRegion></Page></PcGts>
