<?xml version="1.0" encoding="UTF-8"?>
<PcGts xmlns="http://schema.primaresearch.org/PAGE/gts/pagecontent/2013-07-15" xmlns:xsi="http://www.w3.org/2001/XMLSchema-instance" xsi:schemaLocation="http://schema.primaresearch.org/PAGE/gts/pagecontent/2013-07-15 http://schema.primaresearch.org/PAGE/gts/pagecontent/2013-07-15/pagecontent.xsd">
	<Metadata>
	<Creator></Creator>
	<Created>2018-10-08T23:08:59</Created>
	<LastChange>2018-10-08T23:08:59</LastChange></Metadata>
	<Page imageFilename="120_Page_9.jpg" imageWidth="855" imageHeight="1712">
	<TextRegion id="r1">
	<Coords points="77,83 77,296 600,296 600,83"/></TextRegion>
	<TextRegion id="r2">
	<Coords points="145,312 145,412 690,412 690,312"/></TextRegion>
	<TextRegion id="r3">
	<Coords points="70,419 70,680 593,680 593,419"/></TextRegion>
	<TextRegion id="r4">
	<Coords points="190,690 190,800 690,800 690,690"/></TextRegion>
	<TextRegion id="r5">
	<Coords points="77,806 77,1229 593,1229 593,806"/></TextRegion>
	<TextRegion id="r6">
	<Coords points="200,1245 200,1403 683,1403 683,1245"/></TextRegion>
	<TextRegion id="r7">
	<Coords points="74,1416 74,1577 600,1577 600,1416"/></TextRegion>
	<TextRegion id="r8">
	<Coords points="509,1587 509,1645 590,1645 590,1587"/></TextRegion></Page></PcGts>
