<?xml version="1.0" encoding="UTF-8"?>
<PcGts xmlns="http://schema.primaresearch.org/PAGE/gts/pagecontent/2013-07-15" xmlns:xsi="http://www.w3.org/2001/XMLSchema-instance" xsi:schemaLocation="http://schema.primaresearch.org/PAGE/gts/pagecontent/2013-07-15 http://schema.primaresearch.org/PAGE/gts/pagecontent/2013-07-15/pagecontent.xsd">
	<Metadata>
	<Creator></Creator>
	<Created>2018-10-09T00:35:55</Created>
	<LastChange>2018-10-09T00:35:55</LastChange></Metadata>
	<Page imageFilename="121_Page_05.jpg" imageWidth="1088" imageHeight="1563">
	<TextRegion id="r1">
	<Coords points="159,176 159,1052 992,1052 992,176"/></TextRegion>
	<TextRegion id="r2">
	<Coords points="190,1114 190,1347 969,1347 969,1114"/></TextRegion>
	<TextRegion id="r3">
	<Coords points="233,1369 233,1404 283,1404 283,1369"/></TextRegion></Page></PcGts>
