<?xml version="1.0" encoding="UTF-8"?>
<PcGts xmlns="http://schema.primaresearch.org/PAGE/gts/pagecontent/2013-07-15" xmlns:xsi="http://www.w3.org/2001/XMLSchema-instance" xsi:schemaLocation="http://schema.primaresearch.org/PAGE/gts/pagecontent/2013-07-15 http://schema.primaresearch.org/PAGE/gts/pagecontent/2013-07-15/pagecontent.xsd">
	<Metadata>
	<Creator></Creator>
	<Created>2018-10-09T00:33:22</Created>
	<LastChange>2018-10-09T00:33:22</LastChange></Metadata>
	<Page imageFilename="121_Page_06.jpg" imageWidth="1056" imageHeight="1517">
	<TextRegion id="r1">
	<Coords points="376,164 376,226 633,226 633,164"/></TextRegion>
	<TextRegion id="r2">
	<Coords points="897,250 897,1264 73,1264 73,250"/></TextRegion>
	<TextRegion id="r3">
	<Coords points="378,1292 378,1342 838,1342 838,1292"/></TextRegion>
	<TextRegion id="r4">
	<Coords points="780,1354 780,1397 830,1397 830,1354"/></TextRegion></Page></PcGts>
