<?xml version="1.0" encoding="UTF-8"?>
<PcGts xmlns="http://schema.primaresearch.org/PAGE/gts/pagecontent/2013-07-15" xmlns:xsi="http://www.w3.org/2001/XMLSchema-instance" xsi:schemaLocation="http://schema.primaresearch.org/PAGE/gts/pagecontent/2013-07-15 http://schema.primaresearch.org/PAGE/gts/pagecontent/2013-07-15/pagecontent.xsd">
	<Metadata>
	<Creator></Creator>
	<Created>2018-10-09T00:27:06</Created>
	<LastChange>2018-10-09T00:27:06</LastChange></Metadata>
	<Page imageFilename="121_Page_12.jpg" imageWidth="1088" imageHeight="1565">
	<TextRegion id="r1">
	<Coords points="654,183 654,252 876,252 876,183"/></TextRegion>
	<TextRegion id="r2">
	<Coords points="642,516 642,569 873,569 873,516"/></TextRegion>
	<TextRegion id="r3">
	<Coords points="90,271 90,514 888,514 888,271"/></TextRegion>
	<TextRegion id="r4">
	<Coords points="88,590 88,869 888,869 888,590"/></TextRegion>
	<TextRegion id="r5">
	<Coords points="292,921 292,992 666,992 666,921"/></TextRegion>
	<TextRegion id="r6">
	<Coords points="88,1004 88,1371 883,1371 883,1004"/></TextRegion>
	<TextRegion id="r7">
	<Coords points="785,1395 785,1438 850,1438 850,1395"/></TextRegion></Page></PcGts>
