<?xml version="1.0" encoding="UTF-8"?>
<PcGts xmlns="http://schema.primaresearch.org/PAGE/gts/pagecontent/2013-07-15" xmlns:xsi="http://www.w3.org/2001/XMLSchema-instance" xsi:schemaLocation="http://schema.primaresearch.org/PAGE/gts/pagecontent/2013-07-15 http://schema.primaresearch.org/PAGE/gts/pagecontent/2013-07-15/pagecontent.xsd">
	<Metadata>
	<Creator></Creator>
	<Created>2018-10-09T00:31:05</Created>
	<LastChange>2018-10-09T00:31:05</LastChange></Metadata>
	<Page imageFilename="121_Page_08.jpg" imageWidth="1072" imageHeight="1544">
	<TextRegion id="r1">
	<Coords points="976,178 976,273 180,273 180,178"/></TextRegion>
	<TextRegion id="r2">
	<Coords points="364,307 364,376 783,376 783,307"/></TextRegion>
	<TextRegion id="r3">
	<Coords points="173,383 173,1073 978,1073 978,383"/></TextRegion>
	<TextRegion id="r4">
	<Coords points="366,1128 366,1190 776,1190 776,1128"/></TextRegion>
	<TextRegion id="r5">
	<Coords points="171,1202 171,1369 971,1369 971,1202"/></TextRegion>
	<TextRegion id="r6">
	<Coords points="209,1383 209,1411 261,1411 261,1383"/></TextRegion></Page></PcGts>
