<?xml version="1.0" encoding="UTF-8"?>
<PcGts xmlns="http://schema.primaresearch.org/PAGE/gts/pagecontent/2013-07-15" xmlns:xsi="http://www.w3.org/2001/XMLSchema-instance" xsi:schemaLocation="http://schema.primaresearch.org/PAGE/gts/pagecontent/2013-07-15 http://schema.primaresearch.org/PAGE/gts/pagecontent/2013-07-15/pagecontent.xsd">
	<Metadata>
	<Creator></Creator>
	<Created>2018-10-09T00:30:09</Created>
	<LastChange>2018-10-09T00:30:09</LastChange></Metadata>
	<Page imageFilename="121_Page_09.jpg" imageWidth="1048" imageHeight="1520">
	<TextRegion id="r1">
	<Coords points="178,223 178,297 776,297 776,223"/></TextRegion>
	<TextRegion id="r2">
	<Coords points="80,328 80,1233 883,1233 883,328"/></TextRegion>
	<TextRegion id="r3">
	<Coords points="130,1285 130,1338 833,1338 833,1285"/></TextRegion>
	<TextRegion id="r4">
	<Coords points="785,1371 785,1411 828,1411 828,1371"/></TextRegion></Page></PcGts>
