<?xml version="1.0" encoding="UTF-8"?>
<PcGts xmlns="http://schema.primaresearch.org/PAGE/gts/pagecontent/2013-07-15" xmlns:xsi="http://www.w3.org/2001/XMLSchema-instance" xsi:schemaLocation="http://schema.primaresearch.org/PAGE/gts/pagecontent/2013-07-15 http://schema.primaresearch.org/PAGE/gts/pagecontent/2013-07-15/pagecontent.xsd">
	<Metadata>
	<Creator></Creator>
	<Created>2018-10-08T22:39:06</Created>
	<LastChange>2018-10-08T22:39:06</LastChange></Metadata>
	<Page imageFilename="116_Page_6.jpg" imageWidth="1127" imageHeight="1705">
	<TextRegion id="r1">
	<Coords points="448,251 448,306 616,306 616,251"/></TextRegion>
	<TextRegion id="r2">
	<Coords points="474,325 474,393 577,393 577,325"/></TextRegion>
	<TextRegion id="r3">
	<Coords points="509,403 509,464 541,464 541,403"/></TextRegion>
	<TextRegion id="r4">
	<Coords points="690,483 690,535 951,535 951,483"/></TextRegion>
	<TextRegion id="r5">
	<Coords points="116,548 116,1551 945,1551 945,548"/></TextRegion></Page></PcGts>
