<?xml version="1.0" encoding="UTF-8"?>
<PcGts xmlns="http://schema.primaresearch.org/PAGE/gts/pagecontent/2013-07-15" xmlns:xsi="http://www.w3.org/2001/XMLSchema-instance" xsi:schemaLocation="http://schema.primaresearch.org/PAGE/gts/pagecontent/2013-07-15 http://schema.primaresearch.org/PAGE/gts/pagecontent/2013-07-15/pagecontent.xsd">
	<Metadata>
	<Creator></Creator>
	<Created>2018-10-09T00:38:23</Created>
	<LastChange>2018-10-09T00:38:23</LastChange></Metadata>
	<Page imageFilename="121_Page_03.jpg" imageWidth="1059" imageHeight="1562">
	<TextRegion id="r2">
	<Coords points="421,183 421,257 783,257 783,183"/></TextRegion>
	<TextRegion id="r3">
	<Coords points="211,259 211,788 1002,788 1002,259"/></TextRegion>
	<TextRegion id="r4">
	<Coords points="519,795 519,857 676,857 676,795"/></TextRegion>
	<TextRegion id="r5">
	<Coords points="204,864 204,1340 983,1340 983,864"/></TextRegion>
	<TextRegion id="r6">
	<Coords points="245,1385 245,1433 283,1433 283,1385"/></TextRegion></Page></PcGts>
