<?xml version="1.0" encoding="UTF-8"?>
<PcGts xmlns="http://schema.primaresearch.org/PAGE/gts/pagecontent/2013-07-15" xmlns:xsi="http://www.w3.org/2001/XMLSchema-instance" xsi:schemaLocation="http://schema.primaresearch.org/PAGE/gts/pagecontent/2013-07-15 http://schema.primaresearch.org/PAGE/gts/pagecontent/2013-07-15/pagecontent.xsd">
	<Metadata>
	<Creator></Creator>
	<Created>2018-10-09T00:25:20</Created>
	<LastChange>2018-10-09T00:25:20</LastChange></Metadata>
	<Page imageFilename="121_Page_13.jpg" imageWidth="1025" imageHeight="1545">
	<TextRegion id="r1">
	<Coords points="371,150 371,230 819,230 819,150"/></TextRegion>
	<TextRegion id="r2">
	<Coords points="400,254 400,333 807,333 807,254"/></TextRegion>
	<TextRegion id="r3">
	<Coords points="192,335 192,1197 995,1197 995,335"/></TextRegion>
	<TextRegion id="r4">
	<Coords points="188,1214 188,1316 985,1316 985,1214"/></TextRegion>
	<TextRegion id="r5">
	<Coords points="235,1333 235,1371 273,1371 273,1333"/></TextRegion></Page></PcGts>
