<?xml version="1.0" encoding="UTF-8"?>
<PcGts xmlns="http://schema.primaresearch.org/PAGE/gts/pagecontent/2013-07-15" xmlns:xsi="http://www.w3.org/2001/XMLSchema-instance" xsi:schemaLocation="http://schema.primaresearch.org/PAGE/gts/pagecontent/2013-07-15 http://schema.primaresearch.org/PAGE/gts/pagecontent/2013-07-15/pagecontent.xsd">
	<Metadata>
	<Creator></Creator>
	<Created>2018-10-09T00:23:54</Created>
	<LastChange>2018-10-09T00:23:54</LastChange></Metadata>
	<Page imageFilename="121_Page_14.jpg" imageWidth="1089" imageHeight="1546">
	<TextRegion id="r2">
	<Coords points="100,158 100,1348 932,1348 932,158"/></TextRegion>
	<TextRegion id="r3">
	<Coords points="796,1374 796,1429 880,1429 880,1374"/></TextRegion></Page></PcGts>
