<?xml version="1.0" encoding="UTF-8"?>
<PcGts xmlns="http://schema.primaresearch.org/PAGE/gts/pagecontent/2013-07-15" xmlns:xsi="http://www.w3.org/2001/XMLSchema-instance" xsi:schemaLocation="http://schema.primaresearch.org/PAGE/gts/pagecontent/2013-07-15 http://schema.primaresearch.org/PAGE/gts/pagecontent/2013-07-15/pagecontent.xsd">
	<Metadata>
	<Creator></Creator>
	<Created>2018-10-09T00:20:19</Created>
	<LastChange>2018-10-09T00:20:19</LastChange></Metadata>
	<Page imageFilename="122_Page_03.jpg" imageWidth="914" imageHeight="1327">
	<TextRegion id="r1">
	<Coords points="38,116 38,714 778,714 778,116"/></TextRegion>
	<ImageRegion id="r2">
	<Coords points="4,747 4,1083 814,1083 814,747"/></ImageRegion>
	<TextRegion id="r3">
	<Coords points="116,1114 116,1150 707,1150 707,1114"/></TextRegion>
	<TextRegion id="r4">
	<Coords points="714,1188 714,1230 766,1230 766,1188"/></TextRegion></Page></PcGts>
