<?xml version="1.0" encoding="UTF-8"?>
<PcGts xmlns="http://schema.primaresearch.org/PAGE/gts/pagecontent/2013-07-15" xmlns:xsi="http://www.w3.org/2001/XMLSchema-instance" xsi:schemaLocation="http://schema.primaresearch.org/PAGE/gts/pagecontent/2013-07-15 http://schema.primaresearch.org/PAGE/gts/pagecontent/2013-07-15/pagecontent.xsd">
	<Metadata>
	<Creator></Creator>
	<Created>2018-10-09T00:16:54</Created>
	<LastChange>2018-10-09T00:16:54</LastChange></Metadata>
	<Page imageFilename="122_Page_06.jpg" imageWidth="917" imageHeight="1327">
	<ImageRegion id="r1">
	<Coords points="47,121 47,547 692,547 692,121"/></ImageRegion>
	<TextRegion id="r2">
	<Coords points="9,564 9,764 735,764 735,564"/></TextRegion>
	<TextRegion id="r3">
	<Coords points="209,780 209,833 733,833 733,780"/></TextRegion>
	<TextRegion id="r4">
	<Coords points="9,842 9,1169 735,1169 735,842"/></TextRegion>
	<TextRegion id="r5">
	<Coords points="690,1190 690,1238 728,1238 728,1190"/></TextRegion></Page></PcGts>
