<?xml version="1.0" encoding="UTF-8"?>
<PcGts xmlns="http://schema.primaresearch.org/PAGE/gts/pagecontent/2013-07-15" xmlns:xsi="http://www.w3.org/2001/XMLSchema-instance" xsi:schemaLocation="http://schema.primaresearch.org/PAGE/gts/pagecontent/2013-07-15 http://schema.primaresearch.org/PAGE/gts/pagecontent/2013-07-15/pagecontent.xsd">
	<Metadata>
	<Creator></Creator>
	<Created>2018-10-09T00:19:24</Created>
	<LastChange>2018-10-09T00:19:24</LastChange></Metadata>
	<Page imageFilename="122_Page_04.jpg" imageWidth="903" imageHeight="1323">
	<ImageRegion id="r1">
	<Coords points="414,126 414,1000 742,1000 742,126"/></ImageRegion>
	<ImageRegion id="r2">
	<Coords points="0,135 0,650 309,650 309,135"/></ImageRegion>
	<TextRegion id="r3">
	<Coords points="16,659 16,728 283,728 283,659"/></TextRegion>
	<ImageRegion id="r4">
	<Coords points="9,733 9,1064 311,1064 311,733"/></ImageRegion>
	<TextRegion id="r5">
	<Coords points="426,1009 426,1180 733,1180 733,1009"/></TextRegion>
	<TextRegion id="r6">
	<Coords points="21,1071 21,1185 314,1185 314,1071"/></TextRegion>
	<TextRegion id="r7">
	<Coords points="697,1190 697,1228 745,1228 745,1190"/></TextRegion></Page></PcGts>
