<?xml version="1.0" encoding="UTF-8"?>
<PcGts xmlns="http://schema.primaresearch.org/PAGE/gts/pagecontent/2013-07-15" xmlns:xsi="http://www.w3.org/2001/XMLSchema-instance" xsi:schemaLocation="http://schema.primaresearch.org/PAGE/gts/pagecontent/2013-07-15 http://schema.primaresearch.org/PAGE/gts/pagecontent/2013-07-15/pagecontent.xsd">
	<Metadata>
	<Creator></Creator>
	<Created>2018-10-09T00:05:28</Created>
	<LastChange>2018-10-09T00:05:28</LastChange></Metadata>
	<Page imageFilename="122_Page_12.jpg" imageWidth="908" imageHeight="1303">
	<TextRegion id="r1">
	<Coords points="147,95 147,485 883,485 883,95"/></TextRegion>
	<TextRegion id="r2">
	<Coords points="154,530 154,664 616,664 616,530"/></TextRegion>
	<TextRegion id="r3">
	<Coords points="147,666 147,1147 888,1147 888,666"/></TextRegion>
	<TextRegion id="r4">
	<Coords points="161,1176 161,1219 221,1219 221,1176"/></TextRegion></Page></PcGts>
