<?xml version="1.0" encoding="UTF-8"?>
<PcGts xmlns="http://schema.primaresearch.org/PAGE/gts/pagecontent/2013-07-15" xmlns:xsi="http://www.w3.org/2001/XMLSchema-instance" xsi:schemaLocation="http://schema.primaresearch.org/PAGE/gts/pagecontent/2013-07-15 http://schema.primaresearch.org/PAGE/gts/pagecontent/2013-07-15/pagecontent.xsd">
	<Metadata>
	<Creator></Creator>
	<Created>2018-10-09T00:09:11</Created>
	<LastChange>2018-10-09T00:09:11</LastChange></Metadata>
	<Page imageFilename="122_Page_08.jpg" imageWidth="943" imageHeight="1324">
	<TextRegion id="r1">
	<Coords points="890,102 890,759 157,759 157,102"/></TextRegion>
	<TextRegion id="r2">
	<Coords points="740,811 740,857 892,857 892,811"/></TextRegion>
	<TextRegion id="r3">
	<Coords points="164,854 164,1145 892,1145 892,854"/></TextRegion>
	<TextRegion id="r4">
	<Coords points="159,1169 159,1214 204,1214 204,1169"/></TextRegion></Page></PcGts>
