<?xml version="1.0" encoding="UTF-8"?>
<PcGts xmlns="http://schema.primaresearch.org/PAGE/gts/pagecontent/2013-07-15" xmlns:xsi="http://www.w3.org/2001/XMLSchema-instance" xsi:schemaLocation="http://schema.primaresearch.org/PAGE/gts/pagecontent/2013-07-15 http://schema.primaresearch.org/PAGE/gts/pagecontent/2013-07-15/pagecontent.xsd">
	<Metadata>
	<Creator></Creator>
	<Created>2018-10-09T00:00:48</Created>
	<LastChange>2018-10-09T00:00:48</LastChange></Metadata>
	<Page imageFilename="123_Page_03.jpg" imageWidth="937" imageHeight="1319">
	<ImageRegion id="r1">
	<Coords points="207,147 207,1078 816,1078 816,147"/></ImageRegion>
	<TextRegion id="r2">
	<Coords points="359,1085 359,1152 640,1152 640,1085"/></TextRegion></Page></PcGts>
