<?xml version="1.0" encoding="UTF-8"?>
<PcGts xmlns="http://schema.primaresearch.org/PAGE/gts/pagecontent/2013-07-15" xmlns:xsi="http://www.w3.org/2001/XMLSchema-instance" xsi:schemaLocation="http://schema.primaresearch.org/PAGE/gts/pagecontent/2013-07-15 http://schema.primaresearch.org/PAGE/gts/pagecontent/2013-07-15/pagecontent.xsd">
	<Metadata>
	<Creator></Creator>
	<Created>2018-10-08T22:10:19</Created>
	<LastChange>2018-10-08T22:10:19</LastChange></Metadata>
	<Page imageFilename="117_Page_04.jpg" imageWidth="1083" imageHeight="1536">
	<TextRegion id="r1">
	<Coords points="240,1359 240,1404 290,1404 290,1359"/></TextRegion>
	<TextRegion id="r2">
	<Coords points="807,1230 807,1328 992,1328 992,1230"/></TextRegion>
	<TextRegion id="r3">
	<Coords points="233,588 233,1202 1028,1202 1028,588"/></TextRegion>
	<TextRegion id="r4">
	<Coords points="616,511 616,561 657,561 657,511"/></TextRegion>
	<TextRegion id="r5">
	<Coords points="238,142 238,488 1016,488 1016,142"/></TextRegion></Page></PcGts>
