<?xml version="1.0" encoding="UTF-8"?>
<PcGts xmlns="http://schema.primaresearch.org/PAGE/gts/pagecontent/2013-07-15" xmlns:xsi="http://www.w3.org/2001/XMLSchema-instance" xsi:schemaLocation="http://schema.primaresearch.org/PAGE/gts/pagecontent/2013-07-15 http://schema.primaresearch.org/PAGE/gts/pagecontent/2013-07-15/pagecontent.xsd">
	<Metadata>
	<Creator></Creator>
	<Created>2018-10-08T23:59:58</Created>
	<LastChange>2018-10-08T23:59:58</LastChange></Metadata>
	<Page imageFilename="123_Page_04.jpg" imageWidth="914" imageHeight="1315">
	<TextRegion id="r1">
	<Coords points="138,85 138,126 166,126 166,85"/></TextRegion>
	<TextRegion id="r2">
	<Coords points="869,138 869,1159 128,1159 128,138"/></TextRegion></Page></PcGts>
