<?xml version="1.0" encoding="UTF-8"?>
<PcGts xmlns="http://schema.primaresearch.org/PAGE/gts/pagecontent/2013-07-15" xmlns:xsi="http://www.w3.org/2001/XMLSchema-instance" xsi:schemaLocation="http://schema.primaresearch.org/PAGE/gts/pagecontent/2013-07-15 http://schema.primaresearch.org/PAGE/gts/pagecontent/2013-07-15/pagecontent.xsd">
	<Metadata>
	<Creator></Creator>
	<Created>2018-10-08T23:54:06</Created>
	<LastChange>2018-10-08T23:54:06</LastChange></Metadata>
	<Page imageFilename="123_Page_10.jpg" imageWidth="907" imageHeight="1307">
	<TextRegion id="r1">
	<Coords points="750,95 750,140 792,140 792,95"/></TextRegion>
	<TextRegion id="r2">
	<Coords points="59,152 59,1173 802,1173 802,152"/></TextRegion></Page></PcGts>
