<?xml version="1.0" encoding="UTF-8"?>
<PcGts xmlns="http://schema.primaresearch.org/PAGE/gts/pagecontent/2013-07-15" xmlns:xsi="http://www.w3.org/2001/XMLSchema-instance" xsi:schemaLocation="http://schema.primaresearch.org/PAGE/gts/pagecontent/2013-07-15 http://schema.primaresearch.org/PAGE/gts/pagecontent/2013-07-15/pagecontent.xsd">
	<Metadata>
	<Creator></Creator>
	<Created>2018-10-08T23:57:31</Created>
	<LastChange>2018-10-08T23:57:31</LastChange></Metadata>
	<Page imageFilename="123_Page_08.jpg" imageWidth="934" imageHeight="1324">
	<TextRegion id="r1">
	<Coords points="764,107 764,152 811,152 811,107"/></TextRegion>
	<TextRegion id="r2">
	<Coords points="69,150 69,1176 814,1176 814,150"/></TextRegion></Page></PcGts>
