<?xml version="1.0" encoding="UTF-8"?>
<PcGts xmlns="http://schema.primaresearch.org/PAGE/gts/pagecontent/2013-07-15" xmlns:xsi="http://www.w3.org/2001/XMLSchema-instance" xsi:schemaLocation="http://schema.primaresearch.org/PAGE/gts/pagecontent/2013-07-15 http://schema.primaresearch.org/PAGE/gts/pagecontent/2013-07-15/pagecontent.xsd">
	<Metadata>
	<Creator></Creator>
	<Created>2018-10-08T23:51:25</Created>
	<LastChange>2018-10-08T23:51:25</LastChange></Metadata>
	<Page imageFilename="123_Page_12.jpg" imageWidth="922" imageHeight="1336">
	<TextRegion id="r1">
	<Coords points="145,90 145,133 192,133 192,90"/></TextRegion>
	<TextRegion id="r2">
	<Coords points="145,145 145,1173 873,1173 873,145"/></TextRegion></Page></PcGts>
