<?xml version="1.0" encoding="UTF-8"?>
<PcGts xmlns="http://schema.primaresearch.org/PAGE/gts/pagecontent/2013-07-15" xmlns:xsi="http://www.w3.org/2001/XMLSchema-instance" xsi:schemaLocation="http://schema.primaresearch.org/PAGE/gts/pagecontent/2013-07-15 http://schema.primaresearch.org/PAGE/gts/pagecontent/2013-07-15/pagecontent.xsd">
	<Metadata>
	<Creator></Creator>
	<Created>2018-10-08T23:58:12</Created>
	<LastChange>2018-10-08T23:58:12</LastChange></Metadata>
	<Page imageFilename="123_Page_07.jpg" imageWidth="963" imageHeight="1346">
	<TextRegion id="r1">
	<Coords points="782,128 782,162 819,162 819,128"/></TextRegion>
	<TextRegion id="r2">
	<Coords points="548,439 548,498 808,498 808,439"/></TextRegion>
	<TextRegion id="r3">
	<Coords points="89,171 89,383 825,383 825,171"/></TextRegion>
	<TextRegion id="r4">
	<Coords points="82,505 82,1198 826,1198 826,505"/></TextRegion></Page></PcGts>
