<?xml version="1.0" encoding="UTF-8"?>
<PcGts xmlns="http://schema.primaresearch.org/PAGE/gts/pagecontent/2013-07-15" xmlns:xsi="http://www.w3.org/2001/XMLSchema-instance" xsi:schemaLocation="http://schema.primaresearch.org/PAGE/gts/pagecontent/2013-07-15 http://schema.primaresearch.org/PAGE/gts/pagecontent/2013-07-15/pagecontent.xsd">
	<Metadata>
	<Creator></Creator>
	<Created>2018-10-08T23:55:01</Created>
	<LastChange>2018-10-08T23:55:01</LastChange></Metadata>
	<Page imageFilename="123_Page_09.jpg" imageWidth="921" imageHeight="1302">
	<TextRegion id="r1">
	<Coords points="337,244 337,307 660,307 660,244"/></TextRegion>
	<TextRegion id="r2">
	<Coords points="114,339 114,1144 857,1144 857,339"/></TextRegion>
	<TextRegion id="r3">
	<Coords points="458,1151 458,1175 500,1175 500,1151"/></TextRegion></Page></PcGts>
