<?xml version="1.0" encoding="UTF-8"?>
<PcGts xmlns="http://schema.primaresearch.org/PAGE/gts/pagecontent/2013-07-15" xmlns:xsi="http://www.w3.org/2001/XMLSchema-instance" xsi:schemaLocation="http://schema.primaresearch.org/PAGE/gts/pagecontent/2013-07-15 http://schema.primaresearch.org/PAGE/gts/pagecontent/2013-07-15/pagecontent.xsd">
	<Metadata>
	<Creator></Creator>
	<Created>2018-10-08T23:52:00</Created>
	<LastChange>2018-10-08T23:52:00</LastChange></Metadata>
	<Page imageFilename="123_Page_11.jpg" imageWidth="917" imageHeight="1307">
	<TextRegion id="r1">
	<Coords points="759,97 759,150 797,150 797,97"/></TextRegion>
	<TextRegion id="r2">
	<Coords points="71,152 71,1185 802,1185 802,152"/></TextRegion></Page></PcGts>
