<?xml version="1.0" encoding="UTF-8"?>
<PcGts xmlns="http://schema.primaresearch.org/PAGE/gts/pagecontent/2013-07-15" xmlns:xsi="http://www.w3.org/2001/XMLSchema-instance" xsi:schemaLocation="http://schema.primaresearch.org/PAGE/gts/pagecontent/2013-07-15 http://schema.primaresearch.org/PAGE/gts/pagecontent/2013-07-15/pagecontent.xsd">
	<Metadata>
	<Creator></Creator>
	<Created>2018-10-08T23:59:32</Created>
	<LastChange>2018-10-08T23:59:32</LastChange></Metadata>
	<Page imageFilename="123_Page_05.jpg" imageWidth="929" imageHeight="1316">
	<TextRegion id="r1">
	<Coords points="367,238 367,303 612,303 612,238"/></TextRegion>
	<TextRegion id="r2">
	<Coords points="122,329 122,1141 867,1141 867,329"/></TextRegion>
	<TextRegion id="r3">
	<Coords points="483,1177 483,1145 512,1145 512,1177"/></TextRegion></Page></PcGts>
