<?xml version="1.0" encoding="UTF-8"?>
<PcGts xmlns="http://schema.primaresearch.org/PAGE/gts/pagecontent/2013-07-15" xmlns:xsi="http://www.w3.org/2001/XMLSchema-instance" xsi:schemaLocation="http://schema.primaresearch.org/PAGE/gts/pagecontent/2013-07-15 http://schema.primaresearch.org/PAGE/gts/pagecontent/2013-07-15/pagecontent.xsd">
	<Metadata>
	<Creator></Creator>
	<Created>2018-10-08T22:10:59</Created>
	<LastChange>2018-10-08T22:10:59</LastChange></Metadata>
	<Page imageFilename="117_Page_05.jpg" imageWidth="1124" imageHeight="1563">
	<TextRegion id="r1">
	<Coords points="252,166 252,1350 1054,1350 1054,166"/></TextRegion>
	<TextRegion id="r2">
	<Coords points="250,1380 250,1426 307,1426 307,1380"/></TextRegion></Page></PcGts>
